user_id,timestamp,cell_id,data_MB,voice_min,sms_count,signal_strength,location_change,is_weekend,hour_of_day
U001,4/1/2025 0:00,C172,69.79,0,0,-74.4,0,0,0
U001,4/1/2025 1:00,C172,1.12,12.48,0,-84.5,0,0,1
U001,4/1/2025 2:00,C172,7.77,11.58,0,-89.5,0,0,2
U001,4/1/2025 3:00,C172,41.06,0,0,-86.8,0,0,3
U001,4/1/2025 4:00,C172,41.61,1.1,1,-81.1,0,0,4
U001,4/1/2025 5:00,C172,23.36,2.4,0,-71.7,0,0,5
U001,4/1/2025 6:00,C172,55.78,0,1,-89.5,0,0,6
U001,4/1/2025 7:00,C172,24.17,11.15,0,-78.4,0,0,7
U001,4/1/2025 8:00,C172,7.47,3.66,0,-75.1,0,0,8
U001,4/1/2025 9:00,C172,3.1,0,0,-89.3,0,0,9
U001,4/1/2025 10:00,C172,29.45,0.88,0,-87.1,0,0,10
U001,4/1/2025 11:00,C172,8.28,6.98,3,-84.4,0,0,11
U001,4/1/2025 12:00,C172,17.05,3.91,0,-85.1,0,0,12
U001,4/1/2025 13:00,C172,5.58,0,0,-81.3,0,0,13
U001,4/1/2025 14:00,C172,3.17,1.29,0,-78.5,0,0,14
U001,4/1/2025 15:00,C172,31.03,1.34,0,-91.3,0,0,15
U001,4/1/2025 16:00,C172,23.91,2.61,0,-80,0,0,16
U001,4/1/2025 17:00,C172,27.19,0,0,-85.8,0,0,17
U001,4/1/2025 18:00,C172,102.42,0.44,0,-78.5,0,0,18
U001,4/1/2025 19:00,C172,12.41,0,4,-81.3,0,0,19
U001,4/1/2025 20:00,C172,83.72,0.46,0,-92.4,0,0,20
U001,4/1/2025 21:00,C172,7.43,4.75,0,-83.5,0,0,21
U001,4/1/2025 22:00,C172,55.8,6.21,0,-82,0,0,22
U001,4/1/2025 23:00,C172,107.44,7.36,0,-88.3,0,0,23
U001,4/2/2025 0:00,C172,71.29,1.5,0,-93,0,0,0
U001,4/2/2025 1:00,C172,8.77,0,0,-91.7,0,0,1
U001,4/2/2025 2:00,C172,9.57,0.74,0,-82.7,0,0,2
U001,4/2/2025 3:00,C172,64.99,5.57,0,-91.5,0,0,3
U001,4/2/2025 4:00,C172,5.1,13.83,0,-76.8,0,0,4
U001,4/2/2025 5:00,C172,20.3,2.84,0,-86,0,0,5
U001,4/2/2025 6:00,C172,36.19,1.94,0,-81.5,0,0,6
U001,4/2/2025 7:00,C172,32.23,2.76,1,-81.4,0,0,7
U001,4/2/2025 8:00,C172,18.56,26.42,0,-84.8,0,0,8
U001,4/2/2025 9:00,C172,4.94,1.11,0,-87.5,0,0,9
U001,4/2/2025 10:00,C172,9.65,0,0,-88.8,0,0,10
U001,4/2/2025 11:00,C172,30.58,0.58,0,-77.6,0,0,11
U001,4/2/2025 12:00,C172,4.26,0,0,-80.6,0,0,12
U001,4/2/2025 13:00,C172,34.23,0.29,0,-85.1,0,0,13
U001,4/2/2025 14:00,C172,10.1,2.1,2,-88.6,0,0,14
U001,4/2/2025 15:00,C172,3.04,0,0,-86.1,0,0,15
U001,4/2/2025 16:00,C172,58.99,3.19,0,-86.3,0,0,16
U001,4/2/2025 17:00,C188,17.98,1.58,0,-81.9,1,0,17
U001,4/2/2025 18:00,C188,23.43,1.19,0,-92.3,0,0,18
U001,4/2/2025 19:00,C182,55.08,2.12,2,-79,1,0,19
U001,4/2/2025 20:00,C182,29.42,5.48,1,-87.1,0,0,20
U001,4/2/2025 21:00,C182,21.94,1.73,0,-85.7,0,0,21
U001,4/2/2025 22:00,C181,0.53,14.87,0,-78,1,0,22
U001,4/2/2025 23:00,C181,53.68,5.09,0,-78.8,0,0,23
U001,4/3/2025 0:00,C181,16.77,22.01,0,-83.8,0,0,0
U001,4/3/2025 1:00,C181,26.86,0.04,0,-82.6,0,0,1
U001,4/3/2025 2:00,C181,11.87,3.9,0,-82.9,0,0,2
U001,4/3/2025 3:00,C181,19.79,16.93,0,-84.4,0,0,3
U001,4/3/2025 4:00,C181,52.51,0,0,-83.4,0,0,4
U001,4/3/2025 5:00,C181,6.72,2.34,0,-83.2,0,0,5
U001,4/3/2025 6:00,C181,57.29,2.78,0,-83,0,0,6
U001,4/3/2025 7:00,C181,54.44,0.8,0,-75.9,0,0,7
U001,4/3/2025 8:00,C181,16.23,1,0,-87.6,0,0,8
U001,4/3/2025 9:00,C181,12.03,0,0,-85.1,0,0,9
U001,4/3/2025 10:00,C181,20.81,0,0,-81.5,0,0,10
U001,4/3/2025 11:00,C181,11.12,1.73,0,-78,0,0,11
U001,4/3/2025 12:00,C181,0.8,9.16,1,-78.9,0,0,12
U001,4/3/2025 13:00,C181,24.81,1.48,0,-78.6,0,0,13
U001,4/3/2025 14:00,C181,19.79,3.07,0,-90.9,0,0,14
U001,4/3/2025 15:00,C141,19.47,0.14,0,-92,1,0,15
U001,4/3/2025 16:00,C141,134.24,0,0,-81.6,0,0,16
U001,4/3/2025 17:00,C141,29.84,5.68,0,-76.1,0,0,17
U001,4/3/2025 18:00,C141,50.52,19.3,0,-84.5,0,0,18
U001,4/3/2025 19:00,C141,12.51,0,0,-80.5,0,0,19
U001,4/3/2025 20:00,C155,25.42,3.27,0,-85.2,1,0,20
U001,4/3/2025 21:00,C155,22.24,0.29,0,-84.5,0,0,21
U001,4/3/2025 22:00,C155,4.94,0.62,0,-88.6,0,0,22
U001,4/3/2025 23:00,C155,39.15,2.99,0,-89.1,0,0,23
U001,4/4/2025 0:00,C155,12.93,5.12,2,-90.3,0,0,0
U001,4/4/2025 1:00,C155,33.56,0,0,-94.3,0,0,1
U001,4/4/2025 2:00,C199,2.94,13.82,0,-88.2,1,0,2
U001,4/4/2025 3:00,C199,13.3,9.52,0,-86.7,0,0,3
U001,4/4/2025 4:00,C199,10.14,17.65,0,-90.3,0,0,4
U001,4/4/2025 5:00,C199,7.34,2.19,0,-79.8,0,0,5
U001,4/4/2025 6:00,C199,45.76,8.68,1,-83.5,0,0,6
U001,4/4/2025 7:00,C147,16.04,0.42,0,-92,1,0,7
U001,4/4/2025 8:00,C147,3.24,7.68,1,-74.8,0,0,8
U001,4/4/2025 9:00,C147,25.67,0,0,-89.7,0,0,9
U001,4/4/2025 10:00,C147,18.82,0,0,-81.6,0,0,10
U001,4/4/2025 11:00,C147,101.63,0.51,1,-79,0,0,11
U001,4/4/2025 12:00,C191,24.24,6.95,0,-83.9,1,0,12
U001,4/4/2025 13:00,C191,0.87,0,0,-85.6,0,0,13
U001,4/4/2025 14:00,C191,4.68,0,0,-84,0,0,14
U001,4/4/2025 15:00,C191,13.62,5.64,0,-79.8,0,0,15
U001,4/4/2025 16:00,C191,72.93,9.48,0,-87.8,0,0,16
U001,4/4/2025 17:00,C191,30.35,2.57,0,-80.1,0,0,17
U001,4/4/2025 18:00,C191,48.06,1.77,0,-88.2,0,0,18
U001,4/4/2025 19:00,C191,12.5,0,0,-83.9,0,0,19
U001,4/4/2025 20:00,C191,20.01,5.58,0,-93.5,0,0,20
U001,4/4/2025 21:00,C191,92.86,0.16,0,-83.5,0,0,21
U001,4/4/2025 22:00,C191,5.65,1.73,1,-86.1,0,0,22
U001,4/4/2025 23:00,C191,14.28,2.41,0,-85.5,0,0,23
U001,4/5/2025 0:00,C191,39.52,6.45,0,-83.6,0,1,0
U001,4/5/2025 1:00,C191,0.63,2.39,1,-83.3,0,1,1
U001,4/5/2025 2:00,C191,3.44,2.07,0,-91.7,0,1,2
U001,4/5/2025 3:00,C191,19.47,3.82,1,-80.4,0,1,3
U001,4/5/2025 4:00,C191,30.21,0,0,-81.1,0,1,4
U001,4/5/2025 5:00,C191,7.15,21.59,0,-82.5,0,1,5
U001,4/5/2025 6:00,C137,114.57,0,0,-79.9,1,1,6
U001,4/5/2025 7:00,C137,31.8,0,0,-78.8,0,1,7
U001,4/5/2025 8:00,C137,120.52,6.83,2,-86.6,0,1,8
U001,4/5/2025 9:00,C137,39.64,1,0,-92.7,0,1,9
U001,4/5/2025 10:00,C137,9.83,1.28,0,-90.2,0,1,10
U001,4/5/2025 11:00,C137,93.37,1.75,0,-88.3,0,1,11
U001,4/5/2025 12:00,C137,14.81,3.47,0,-87,0,1,12
U001,4/5/2025 13:00,C137,21.28,1.55,0,-85.3,0,1,13
U001,4/5/2025 14:00,C137,18.06,2.82,2,-87.5,0,1,14
U001,4/5/2025 15:00,C137,7.95,9.32,0,-86.6,0,1,15
U001,4/5/2025 16:00,C137,2.16,0,0,-92.4,0,1,16
U001,4/5/2025 17:00,C137,11.09,2.34,0,-91.2,0,1,17
U001,4/5/2025 18:00,C137,3.3,3.66,0,-76.9,0,1,18
U001,4/5/2025 19:00,C137,42.88,3.15,0,-77.3,0,1,19
U001,4/5/2025 20:00,C137,10.83,4.61,0,-92.8,0,1,20
U001,4/5/2025 21:00,C137,48.31,0,0,-84.6,0,1,21
U001,4/5/2025 22:00,C137,24.62,0,2,-98.5,0,1,22
U001,4/5/2025 23:00,C137,8.96,3.02,0,-95.5,0,1,23
U001,4/6/2025 0:00,C137,24.41,0,0,-81.5,0,1,0
U001,4/6/2025 1:00,C137,32.97,6.85,2,-83.1,0,1,1
U001,4/6/2025 2:00,C137,11.21,0,2,-98.9,0,1,2
U001,4/6/2025 3:00,C137,1.13,8.3,0,-76.8,0,1,3
U001,4/6/2025 4:00,C137,78.1,0,1,-83.8,0,1,4
U001,4/6/2025 5:00,C137,46.35,0,1,-76.9,0,1,5
U001,4/6/2025 6:00,C137,26.9,0,0,-87.8,0,1,6
U001,4/6/2025 7:00,C137,31.79,1.52,0,-86.9,0,1,7
U001,4/6/2025 8:00,C137,35.74,8.57,0,-86.9,0,1,8
U001,4/6/2025 9:00,C178,1.54,0,0,-86,1,1,9
U001,4/6/2025 10:00,C178,108.51,7.62,1,-92.5,0,1,10
U001,4/6/2025 11:00,C178,68.98,2.36,0,-88,0,1,11
U001,4/6/2025 12:00,C178,7.6,1.61,0,-83.9,0,1,12
U001,4/6/2025 13:00,C178,25.81,5.42,0,-86.9,0,1,13
U001,4/6/2025 14:00,C178,41.6,19.93,0,-85.4,0,1,14
U001,4/6/2025 15:00,C178,21.59,19.73,0,-93,0,1,15
U001,4/6/2025 16:00,C178,10.8,0.82,0,-79.6,0,1,16
U001,4/6/2025 17:00,C148,12.27,2.31,0,-82.4,1,1,17
U001,4/6/2025 18:00,C148,2.55,6.35,0,-89.3,0,1,18
U001,4/6/2025 19:00,C148,52.47,0,0,-83.1,0,1,19
U001,4/6/2025 20:00,C148,9.4,0,0,-80.1,0,1,20
U001,4/6/2025 21:00,C148,0.1,9.2,3,-80.4,0,1,21
U001,4/6/2025 22:00,C148,32.58,0,1,-83.6,0,1,22
U001,4/6/2025 23:00,C148,32.3,6.06,0,-85.1,0,1,23
U001,4/7/2025 0:00,C148,0.39,1.22,0,-84.8,0,0,0
U001,4/7/2025 1:00,C148,36.16,1.65,2,-74.4,0,0,1
U001,4/7/2025 2:00,C148,37.47,0,0,-94.8,0,0,2
U001,4/7/2025 3:00,C148,8.4,0,0,-87.7,0,0,3
U001,4/7/2025 4:00,C148,6.47,0,0,-92.7,0,0,4
U001,4/7/2025 5:00,C148,1,13,2,-88.7,0,0,5
U001,4/7/2025 6:00,C148,9.67,0,0,-84.3,0,0,6
U001,4/7/2025 7:00,C148,68.32,0,0,-81.8,0,0,7
U001,4/7/2025 8:00,C148,105.08,8.77,2,-79.5,0,0,8
U001,4/7/2025 9:00,C148,70.41,2.6,0,-94.8,0,0,9
U001,4/7/2025 10:00,C148,83.89,0,1,-83.6,0,0,10
U001,4/7/2025 11:00,C148,35.1,5.03,0,-85.5,0,0,11
U001,4/7/2025 12:00,C116,151.26,0.83,2,-93.2,1,0,12
U001,4/7/2025 13:00,C116,28.13,1.94,0,-90.4,0,0,13
U001,4/7/2025 14:00,C116,1,5.43,1,-81.9,0,0,14
U001,4/7/2025 15:00,C116,18.79,0.44,0,-90.3,0,0,15
U001,4/7/2025 16:00,C116,11.85,10.33,1,-84.9,0,0,16
U001,4/7/2025 17:00,C177,71.91,0,1,-85.1,1,0,17
U001,4/7/2025 18:00,C177,62.13,0,0,-89.3,0,0,18
U001,4/7/2025 19:00,C177,49.22,0,0,-84.5,0,0,19
U001,4/7/2025 20:00,C107,1.07,5.21,0,-91.5,1,0,20
U001,4/7/2025 21:00,C107,3.68,5.79,0,-79.4,0,0,21
U001,4/7/2025 22:00,C107,2.24,0,0,-85.3,0,0,22
U001,4/7/2025 23:00,C107,21.86,1.19,1,-79.9,0,0,23
U002,4/1/2025 0:00,C118,32.56,1.57,0,-84.5,0,0,0
U002,4/1/2025 1:00,C118,104.33,7.23,0,-82.2,0,0,1
U002,4/1/2025 2:00,C118,6.03,0.23,0,-84.5,0,0,2
U002,4/1/2025 3:00,C118,5.92,7.69,0,-78.6,0,0,3
U002,4/1/2025 4:00,C118,16.32,0,0,-89.1,0,0,4
U002,4/1/2025 5:00,C131,6.23,0,0,-88,1,0,5
U002,4/1/2025 6:00,C131,43.81,1.47,1,-80.7,0,0,6
U002,4/1/2025 7:00,C131,33.32,1.15,0,-89.1,0,0,7
U002,4/1/2025 8:00,C131,11.13,1.75,0,-77.5,0,0,8
U002,4/1/2025 9:00,C131,47.61,11.89,0,-80.9,0,0,9
U002,4/1/2025 10:00,C131,33.36,10.28,0,-84.8,0,0,10
U002,4/1/2025 11:00,C131,18.45,0,0,-87.4,0,0,11
U002,4/1/2025 12:00,C131,17.4,0,0,-74.9,0,0,12
U002,4/1/2025 13:00,C131,9.09,11.17,0,-88.8,0,0,13
U002,4/1/2025 14:00,C131,19.58,3.97,0,-89,0,0,14
U002,4/1/2025 15:00,C131,57.76,10.49,0,-78.6,0,0,15
U002,4/1/2025 16:00,C122,39.84,4.45,1,-83.8,1,0,16
U002,4/1/2025 17:00,C122,22.28,19.54,0,-80.9,0,0,17
U002,4/1/2025 18:00,C122,34.61,0,0,-89,0,0,18
U002,4/1/2025 19:00,C122,12.23,0,0,-86,0,0,19
U002,4/1/2025 20:00,C122,53.25,1.11,0,-89.5,0,0,20
U002,4/1/2025 21:00,C122,2.78,0.76,0,-89.7,0,0,21
U002,4/1/2025 22:00,C122,11.6,0,0,-86.1,0,0,22
U002,4/1/2025 23:00,C122,28.16,0,2,-97.3,0,0,23
U002,4/2/2025 0:00,C122,21.92,0,0,-69.3,0,0,0
U002,4/2/2025 1:00,C122,10.18,0,0,-80.3,0,0,1
U002,4/2/2025 2:00,C122,0.8,5.89,0,-85.4,0,0,2
U002,4/2/2025 3:00,C132,51.22,7.29,1,-86.7,1,0,3
U002,4/2/2025 4:00,C193,0.46,7.68,3,-87.9,1,0,4
U002,4/2/2025 5:00,C155,27.13,0,0,-84.4,1,0,5
U002,4/2/2025 6:00,C155,45.1,0,2,-77.2,0,0,6
U002,4/2/2025 7:00,C155,0.55,2.34,0,-84.1,0,0,7
U002,4/2/2025 8:00,C162,32.43,0,0,-78.2,1,0,8
U002,4/2/2025 9:00,C162,44.28,0,2,-87.6,0,0,9
U002,4/2/2025 10:00,C162,12.26,3.71,1,-72.6,0,0,10
U002,4/2/2025 11:00,C162,6.16,0.35,0,-86.8,0,0,11
U002,4/2/2025 12:00,C162,84.54,20.01,0,-84.7,0,0,12
U002,4/2/2025 13:00,C162,36.26,0.33,2,-86.5,0,0,13
U002,4/2/2025 14:00,C162,54.69,0.02,0,-81.9,0,0,14
U002,4/2/2025 15:00,C162,3.51,0,0,-93.3,0,0,15
U002,4/2/2025 16:00,C162,2.8,7.96,0,-91.5,0,0,16
U002,4/2/2025 17:00,C162,4.16,8.92,1,-76.4,0,0,17
U002,4/2/2025 18:00,C162,54.5,4.42,0,-90,0,0,18
U002,4/2/2025 19:00,C162,25.45,0,0,-83,0,0,19
U002,4/2/2025 20:00,C162,41.12,6.77,0,-81.8,0,0,20
U002,4/2/2025 21:00,C162,2.14,0,2,-83,0,0,21
U002,4/2/2025 22:00,C162,22.11,1.57,0,-84,0,0,22
U002,4/2/2025 23:00,C162,9.52,0.87,0,-75.8,0,0,23
U002,4/3/2025 0:00,C162,65.3,1.01,0,-86.9,0,0,0
U002,4/3/2025 1:00,C162,47.64,0,0,-88.6,0,0,1
U002,4/3/2025 2:00,C162,0.26,6.11,0,-79.4,0,0,2
U002,4/3/2025 3:00,C162,20.21,0.88,0,-88.9,0,0,3
U002,4/3/2025 4:00,C162,8.35,5.31,0,-87.7,0,0,4
U002,4/3/2025 5:00,C162,62.7,0,0,-91.7,0,0,5
U002,4/3/2025 6:00,C117,30.68,0.62,0,-95,1,0,6
U002,4/3/2025 7:00,C117,60.5,0.05,0,-78.6,0,0,7
U002,4/3/2025 8:00,C117,70.59,0,0,-87.1,0,0,8
U002,4/3/2025 9:00,C117,58.23,0.24,0,-92.6,0,0,9
U002,4/3/2025 10:00,C117,60.45,1.23,2,-84.1,0,0,10
U002,4/3/2025 11:00,C117,22.16,0,0,-86.3,0,0,11
U002,4/3/2025 12:00,C117,36.87,2.84,0,-88,0,0,12
U002,4/3/2025 13:00,C117,167.47,0,0,-80.9,0,0,13
U002,4/3/2025 14:00,C117,15.08,2.37,0,-90.8,0,0,14
U002,4/3/2025 15:00,C169,7.67,1.94,0,-89.9,1,0,15
U002,4/3/2025 16:00,C169,61.35,4.1,0,-86.8,0,0,16
U002,4/3/2025 17:00,C169,34.66,0,1,-86.3,0,0,17
U002,4/3/2025 18:00,C150,3.24,17.81,0,-86.9,1,0,18
U002,4/3/2025 19:00,C150,12.19,0,1,-87.9,0,0,19
U002,4/3/2025 20:00,C150,19.13,0.27,0,-74.9,0,0,20
U002,4/3/2025 21:00,C150,31.04,0,0,-81.1,0,0,21
U002,4/3/2025 22:00,C150,86.76,1.89,0,-82.9,0,0,22
U002,4/3/2025 23:00,C183,12.03,3.25,0,-77.4,1,0,23
U002,4/4/2025 0:00,C191,9.97,0.25,0,-87.4,1,0,0
U002,4/4/2025 1:00,C191,32.95,1.36,0,-84.2,0,0,1
U002,4/4/2025 2:00,C191,40.08,8.9,0,-85.5,0,0,2
U002,4/4/2025 3:00,C191,13.17,3.03,0,-81.5,0,0,3
U002,4/4/2025 4:00,C191,22.1,0,0,-89.1,0,0,4
U002,4/4/2025 5:00,C154,45.34,1.26,0,-86.9,1,0,5
U002,4/4/2025 6:00,C154,3.92,6.63,0,-80.2,0,0,6
U002,4/4/2025 7:00,C154,5.9,4.33,0,-90,0,0,7
U002,4/4/2025 8:00,C154,53.35,0,0,-79.6,0,0,8
U002,4/4/2025 9:00,C154,32.94,0,0,-75.7,0,0,9
U002,4/4/2025 10:00,C154,6.92,14.4,0,-87.6,0,0,10
U002,4/4/2025 11:00,C154,34.32,1.61,0,-86.4,0,0,11
U002,4/4/2025 12:00,C154,16.5,5.91,0,-94.8,0,0,12
U002,4/4/2025 13:00,C154,24.1,0,0,-82,0,0,13
U002,4/4/2025 14:00,C154,6.64,2,3,-81.1,0,0,14
U002,4/4/2025 15:00,C154,21.5,11.38,0,-89.5,0,0,15
U002,4/4/2025 16:00,C154,56.12,0,0,-84.2,0,0,16
U002,4/4/2025 17:00,C154,34.72,9.2,0,-82.6,0,0,17
U002,4/4/2025 18:00,C154,97.98,3.86,0,-89.4,0,0,18
U002,4/4/2025 19:00,C154,6.28,0,0,-81.4,0,0,19
U002,4/4/2025 20:00,C154,49.08,0,3,-81.8,0,0,20
U002,4/4/2025 21:00,C154,5.2,15.72,0,-81.1,0,0,21
U002,4/4/2025 22:00,C154,175.01,8.96,0,-86.4,0,0,22
U002,4/4/2025 23:00,C153,56.32,3.46,0,-92.3,1,0,23
U002,4/5/2025 0:00,C153,92.01,0,0,-86.7,0,1,0
U002,4/5/2025 1:00,C153,24.34,0,0,-88.6,0,1,1
U002,4/5/2025 2:00,C153,91.74,0,0,-83.7,0,1,2
U002,4/5/2025 3:00,C153,21.63,3.85,0,-92.4,0,1,3
U002,4/5/2025 4:00,C153,31.1,0,0,-75,0,1,4
U002,4/5/2025 5:00,C185,68.74,5.45,0,-81.5,1,1,5
U002,4/5/2025 6:00,C185,15.3,4.51,0,-87.9,0,1,6
U002,4/5/2025 7:00,C185,137.59,0.97,0,-83.2,0,1,7
U002,4/5/2025 8:00,C185,37.33,4.04,0,-94,0,1,8
U002,4/5/2025 9:00,C101,17.88,13.42,0,-89,1,1,9
U002,4/5/2025 10:00,C101,66.42,4.55,0,-89.8,0,1,10
U002,4/5/2025 11:00,C101,16.2,1.63,0,-77.7,0,1,11
U002,4/5/2025 12:00,C101,36.89,2.27,0,-86.3,0,1,12
U002,4/5/2025 13:00,C101,87.08,0,0,-90.3,0,1,13
U002,4/5/2025 14:00,C101,20.53,0,0,-90.2,0,1,14
U002,4/5/2025 15:00,C101,9.31,2.73,0,-85,0,1,15
U002,4/5/2025 16:00,C101,82.3,2.44,0,-83.1,0,1,16
U002,4/5/2025 17:00,C101,36.02,0,0,-87.1,0,1,17
U002,4/5/2025 18:00,C101,2.12,0,0,-87.9,0,1,18
U002,4/5/2025 19:00,C181,6.6,11.95,0,-89.6,1,1,19
U002,4/5/2025 20:00,C181,19.15,0,0,-79.8,0,1,20
U002,4/5/2025 21:00,C181,65.73,18.25,0,-79.7,0,1,21
U002,4/5/2025 22:00,C181,44.86,6.79,2,-85.9,0,1,22
U002,4/5/2025 23:00,C181,22.53,1.64,0,-88.3,0,1,23
U002,4/6/2025 0:00,C181,15.65,11.28,0,-84.2,0,1,0
U002,4/6/2025 1:00,C181,29.97,1.82,0,-82.1,0,1,1
U002,4/6/2025 2:00,C112,9.42,0.58,0,-92.3,1,1,2
U002,4/6/2025 3:00,C135,33.57,0,0,-85.3,1,1,3
U002,4/6/2025 4:00,C187,12.77,2.89,1,-81.8,1,1,4
U002,4/6/2025 5:00,C187,22.78,1.3,0,-84.2,0,1,5
U002,4/6/2025 6:00,C187,25.27,3.22,0,-80.1,0,1,6
U002,4/6/2025 7:00,C187,19.34,0,0,-92.8,0,1,7
U002,4/6/2025 8:00,C151,18.03,0,0,-91.4,1,1,8
U002,4/6/2025 9:00,C151,4.28,2.96,0,-80.5,0,1,9
U002,4/6/2025 10:00,C151,48.84,9.62,0,-85.6,0,1,10
U002,4/6/2025 11:00,C151,4.68,1.45,3,-83.8,0,1,11
U002,4/6/2025 12:00,C151,2.57,5.07,0,-84.8,0,1,12
U002,4/6/2025 13:00,C151,60.88,7.14,0,-84.1,0,1,13
U002,4/6/2025 14:00,C151,23.86,0.84,1,-79.1,0,1,14
U002,4/6/2025 15:00,C151,2.75,0,0,-89.2,0,1,15
U002,4/6/2025 16:00,C151,38.69,7.77,0,-78.5,0,1,16
U002,4/6/2025 17:00,C151,121.22,4.19,0,-77.2,0,1,17
U002,4/6/2025 18:00,C151,66.68,2.78,0,-90.1,0,1,18
U002,4/6/2025 19:00,C151,62.71,2.44,0,-91,0,1,19
U002,4/6/2025 20:00,C151,33.5,2.81,0,-82,0,1,20
U002,4/6/2025 21:00,C151,7.75,5.7,0,-75.9,0,1,21
U002,4/6/2025 22:00,C151,7.98,0,0,-83.6,0,1,22
U002,4/6/2025 23:00,C151,0.97,2.52,0,-87.7,0,1,23
U002,4/7/2025 0:00,C151,7.91,7.11,0,-76.7,0,0,0
U002,4/7/2025 1:00,C151,31.77,12.3,0,-81.4,0,0,1
U002,4/7/2025 2:00,C151,0.28,0.75,0,-80.8,0,0,2
U002,4/7/2025 3:00,C151,3.51,3.28,1,-90.3,0,0,3
U002,4/7/2025 4:00,C151,8.72,0,0,-89.7,0,0,4
U002,4/7/2025 5:00,C151,29.77,7.45,0,-88.9,0,0,5
U002,4/7/2025 6:00,C151,27.86,0,1,-84.7,0,0,6
U002,4/7/2025 7:00,C151,44.77,14.04,0,-87.5,0,0,7
U002,4/7/2025 8:00,C151,6.84,0.39,0,-80.6,0,0,8
U002,4/7/2025 9:00,C151,0.2,0.37,0,-88.6,0,0,9
U002,4/7/2025 10:00,C151,20.4,0,1,-89.1,0,0,10
U002,4/7/2025 11:00,C151,58.9,0,0,-77.6,0,0,11
U002,4/7/2025 12:00,C151,5.44,0,0,-95.6,0,0,12
U002,4/7/2025 13:00,C151,12.9,0.99,0,-75.8,0,0,13
U002,4/7/2025 14:00,C151,27.62,0,0,-81.2,0,0,14
U002,4/7/2025 15:00,C151,32.69,1.55,0,-74.2,0,0,15
U002,4/7/2025 16:00,C151,12.54,4.1,0,-84.2,0,0,16
U002,4/7/2025 17:00,C151,19.89,2.76,0,-84.3,0,0,17
U002,4/7/2025 18:00,C151,8.68,0.35,0,-81.3,0,0,18
U002,4/7/2025 19:00,C139,15.21,3.57,0,-84,1,0,19
U002,4/7/2025 20:00,C139,82.64,5.52,0,-94.8,0,0,20
U002,4/7/2025 21:00,C139,14.66,2.72,0,-87,0,0,21
U002,4/7/2025 22:00,C139,3.01,14.26,0,-89.8,0,0,22
U002,4/7/2025 23:00,C139,20.94,0,0,-89.8,0,0,23
U003,4/1/2025 0:00,C114,6.02,0,0,-86.7,0,0,0
U003,4/1/2025 1:00,C114,74.07,3.83,0,-78.3,0,0,1
U003,4/1/2025 2:00,C114,19.9,3.59,2,-87.5,0,0,2
U003,4/1/2025 3:00,C114,20.11,2.18,0,-86.2,0,0,3
U003,4/1/2025 4:00,C114,45.5,5.18,0,-96.2,0,0,4
U003,4/1/2025 5:00,C114,4.48,13.81,0,-84.5,0,0,5
U003,4/1/2025 6:00,C114,83.08,6.95,0,-72.9,0,0,6
U003,4/1/2025 7:00,C114,0.61,2.04,0,-74.4,0,0,7
U003,4/1/2025 8:00,C114,117.78,0.01,0,-82.3,0,0,8
U003,4/1/2025 9:00,C114,52.71,6.18,0,-77.5,0,0,9
U003,4/1/2025 10:00,C114,17.18,0.16,0,-93.1,0,0,10
U003,4/1/2025 11:00,C118,62.51,6.11,0,-91,1,0,11
U003,4/1/2025 12:00,C118,5.95,0,1,-84.4,0,0,12
U003,4/1/2025 13:00,C118,79.31,2.9,2,-85.6,0,0,13
U003,4/1/2025 14:00,C158,85.53,0,0,-81.6,1,0,14
U003,4/1/2025 15:00,C158,61.64,4.61,0,-80.1,0,0,15
U003,4/1/2025 16:00,C158,52.52,0,1,-91.8,0,0,16
U003,4/1/2025 17:00,C158,30.98,0,0,-81.9,0,0,17
U003,4/1/2025 18:00,C191,19.03,4.24,0,-84.8,1,0,18
U003,4/1/2025 19:00,C191,14.65,0,0,-83.7,0,0,19
U003,4/1/2025 20:00,C191,8.79,4.56,0,-86.3,0,0,20
U003,4/1/2025 21:00,C191,7.07,4.05,0,-84.2,0,0,21
U003,4/1/2025 22:00,C191,54.12,0.76,0,-85.4,0,0,22
U003,4/1/2025 23:00,C191,30.75,8.39,0,-92.1,0,0,23
U003,4/2/2025 0:00,C191,4.69,0.58,1,-81.7,0,0,0
U003,4/2/2025 1:00,C191,2.38,0,0,-88.6,0,0,1
U003,4/2/2025 2:00,C191,5.52,1.02,0,-84.9,0,0,2
U003,4/2/2025 3:00,C191,9.91,5.1,0,-86.5,0,0,3
U003,4/2/2025 4:00,C192,8.49,3.31,2,-87,1,0,4
U003,4/2/2025 5:00,C192,19.75,0.29,3,-86.9,0,0,5
U003,4/2/2025 6:00,C192,16.41,7.26,0,-83.7,0,0,6
U003,4/2/2025 7:00,C119,29.49,0,0,-90.3,1,0,7
U003,4/2/2025 8:00,C119,60.13,3.14,0,-85.7,0,0,8
U003,4/2/2025 9:00,C119,18.9,3.18,3,-90.2,0,0,9
U003,4/2/2025 10:00,C119,16.94,2.21,0,-88.5,0,0,10
U003,4/2/2025 11:00,C119,15.44,1.04,2,-91.2,0,0,11
U003,4/2/2025 12:00,C119,8.68,0,0,-92.8,0,0,12
U003,4/2/2025 13:00,C119,11.32,11.73,0,-81.9,0,0,13
U003,4/2/2025 14:00,C119,68.78,0,1,-80.4,0,0,14
U003,4/2/2025 15:00,C119,14.14,0.71,0,-85.1,0,0,15
U003,4/2/2025 16:00,C119,1.32,12.54,1,-88.2,0,0,16
U003,4/2/2025 17:00,C119,110.98,10.61,0,-78.7,0,0,17
U003,4/2/2025 18:00,C119,41.41,4.58,0,-87,0,0,18
U003,4/2/2025 19:00,C119,29.71,3.27,0,-85,0,0,19
U003,4/2/2025 20:00,C119,23.57,1.58,0,-81.2,0,0,20
U003,4/2/2025 21:00,C119,13.07,2.36,0,-81.7,0,0,21
U003,4/2/2025 22:00,C119,7.39,7.98,0,-90.3,0,0,22
U003,4/2/2025 23:00,C119,0.8,0.31,0,-82.1,0,0,23
U003,4/3/2025 0:00,C119,75.94,0,1,-88.3,0,0,0
U003,4/3/2025 1:00,C119,8.11,0.14,0,-86.2,0,0,1
U003,4/3/2025 2:00,C119,34.87,3.33,0,-84.4,0,0,2
U003,4/3/2025 3:00,C165,5.35,0,0,-89,1,0,3
U003,4/3/2025 4:00,C165,134.43,1.88,0,-82.4,0,0,4
U003,4/3/2025 5:00,C165,19.41,0.65,0,-86.8,0,0,5
U003,4/3/2025 6:00,C165,2.45,0,0,-88.4,0,0,6
U003,4/3/2025 7:00,C165,50.49,1.13,0,-91.7,0,0,7
U003,4/3/2025 8:00,C165,3.99,0,1,-89.7,0,0,8
U003,4/3/2025 9:00,C133,5.75,0.21,1,-77.6,1,0,9
U003,4/3/2025 10:00,C133,24.46,3.7,0,-79.1,0,0,10
U003,4/3/2025 11:00,C133,38.27,5.05,0,-96.3,0,0,11
U003,4/3/2025 12:00,C133,4.53,9.98,0,-85.3,0,0,12
U003,4/3/2025 13:00,C122,16.14,9.1,0,-76.9,1,0,13
U003,4/3/2025 14:00,C122,13.46,2.33,0,-95.8,0,0,14
U003,4/3/2025 15:00,C136,31.09,1.36,0,-90.8,1,0,15
U003,4/3/2025 16:00,C136,13.86,0,1,-87.4,0,0,16
U003,4/3/2025 17:00,C136,22.62,0,3,-81.3,0,0,17
U003,4/3/2025 18:00,C136,13.24,6.85,0,-86.9,0,0,18
U003,4/3/2025 19:00,C136,15.52,0,0,-89.9,0,0,19
U003,4/3/2025 20:00,C136,3.91,0.12,3,-78.7,0,0,20
U003,4/3/2025 21:00,C136,11.92,10.37,0,-80,0,0,21
U003,4/3/2025 22:00,C136,17.05,0,2,-90.2,0,0,22
U003,4/3/2025 23:00,C136,7.37,6.99,0,-91.9,0,0,23
U003,4/4/2025 0:00,C136,27.04,5.04,0,-90.3,0,0,0
U003,4/4/2025 1:00,C136,51.51,4.38,0,-84.4,0,0,1
U003,4/4/2025 2:00,C136,0.22,4.99,0,-83.7,0,0,2
U003,4/4/2025 3:00,C136,26.42,0,2,-84.5,0,0,3
U003,4/4/2025 4:00,C136,25.29,12.24,0,-91.6,0,0,4
U003,4/4/2025 5:00,C136,41.76,13.61,0,-84.5,0,0,5
U003,4/4/2025 6:00,C136,0.6,1.29,1,-88.9,0,0,6
U003,4/4/2025 7:00,C136,59.32,0,0,-88.7,0,0,7
U003,4/4/2025 8:00,C136,80.38,2.4,0,-83.5,0,0,8
U003,4/4/2025 9:00,C136,10.47,0,0,-84.7,0,0,9
U003,4/4/2025 10:00,C136,64.18,3.58,0,-87,0,0,10
U003,4/4/2025 11:00,C103,9.34,2.59,0,-89.5,1,0,11
U003,4/4/2025 12:00,C103,39.82,6.83,0,-76.6,0,0,12
U003,4/4/2025 13:00,C103,31.1,8.4,0,-86.6,0,0,13
U003,4/4/2025 14:00,C103,100.73,0,0,-87.7,0,0,14
U003,4/4/2025 15:00,C103,5.17,5.58,0,-87.7,0,0,15
U003,4/4/2025 16:00,C103,8.61,0,0,-91,0,0,16
U003,4/4/2025 17:00,C103,36.74,0,0,-96.1,0,0,17
U003,4/4/2025 18:00,C103,1.06,0,1,-83.8,0,0,18
U003,4/4/2025 19:00,C103,4.59,5.92,0,-84.2,0,0,19
U003,4/4/2025 20:00,C103,32.06,5.91,0,-85.9,0,0,20
U003,4/4/2025 21:00,C103,17.61,2.55,1,-91.1,0,0,21
U003,4/4/2025 22:00,C101,19.09,0.68,0,-82.9,1,0,22
U003,4/4/2025 23:00,C123,41.29,7.15,0,-77.5,1,0,23
U003,4/5/2025 0:00,C123,18.8,0,0,-80.2,0,1,0
U003,4/5/2025 1:00,C150,62.13,0,0,-89.6,1,1,1
U003,4/5/2025 2:00,C150,3.13,0,0,-84.7,0,1,2
U003,4/5/2025 3:00,C150,23.28,2.74,0,-78,0,1,3
U003,4/5/2025 4:00,C150,29.99,4.4,0,-81.5,0,1,4
U003,4/5/2025 5:00,C150,9.02,2.29,0,-83.7,0,1,5
U003,4/5/2025 6:00,C150,51.67,0,0,-78.7,0,1,6
U003,4/5/2025 7:00,C150,11.15,9.65,0,-90.3,0,1,7
U003,4/5/2025 8:00,C150,5.71,0,0,-84.6,0,1,8
U003,4/5/2025 9:00,C150,38.94,3.92,0,-83.4,0,1,9
U003,4/5/2025 10:00,C150,13.79,7.4,0,-76.8,0,1,10
U003,4/5/2025 11:00,C150,40.04,0.63,0,-86.6,0,1,11
U003,4/5/2025 12:00,C150,0,2.32,0,-79.4,0,1,12
U003,4/5/2025 13:00,C150,40.33,4.32,0,-86.9,0,1,13
U003,4/5/2025 14:00,C150,25.67,2.6,0,-82.3,0,1,14
U003,4/5/2025 15:00,C150,48.97,0,0,-85.8,0,1,15
U003,4/5/2025 16:00,C150,23.95,0,1,-85,0,1,16
U003,4/5/2025 17:00,C150,63.99,12.97,0,-86.1,0,1,17
U003,4/5/2025 18:00,C150,17.53,0,0,-91.1,0,1,18
U003,4/5/2025 19:00,C150,47.12,0,1,-90,0,1,19
U003,4/5/2025 20:00,C150,8.09,5.86,2,-87.4,0,1,20
U003,4/5/2025 21:00,C150,47.9,0.71,0,-82.2,0,1,21
U003,4/5/2025 22:00,C150,2.75,0,0,-84,0,1,22
U003,4/5/2025 23:00,C165,16.3,4.2,0,-86.8,1,1,23
U003,4/6/2025 0:00,C165,7.1,0,0,-85.8,0,1,0
U003,4/6/2025 1:00,C165,13.02,0,0,-82.1,0,1,1
U003,4/6/2025 2:00,C165,17.58,1.46,0,-89.7,0,1,2
U003,4/6/2025 3:00,C165,59.91,2.77,0,-76.1,0,1,3
U003,4/6/2025 4:00,C165,12.6,4.64,0,-85,0,1,4
U003,4/6/2025 5:00,C165,2.86,0,0,-90,0,1,5
U003,4/6/2025 6:00,C165,28.43,1.04,0,-79.7,0,1,6
U003,4/6/2025 7:00,C165,58.79,0,0,-86.8,0,1,7
U003,4/6/2025 8:00,C165,8.46,6.13,0,-91.2,0,1,8
U003,4/6/2025 9:00,C165,61.37,10.6,1,-89.5,0,1,9
U003,4/6/2025 10:00,C165,26.92,0,0,-77.4,0,1,10
U003,4/6/2025 11:00,C165,10.61,0.74,0,-83.4,0,1,11
U003,4/6/2025 12:00,C165,2.49,0,0,-87.3,0,1,12
U003,4/6/2025 13:00,C165,25.31,0.15,0,-87.3,0,1,13
U003,4/6/2025 14:00,C165,36.64,4.86,1,-91.1,0,1,14
U003,4/6/2025 15:00,C160,42.31,19.27,0,-89,1,1,15
U003,4/6/2025 16:00,C160,3.64,0,0,-91.1,0,1,16
U003,4/6/2025 17:00,C160,3.13,0.02,0,-86.5,0,1,17
U003,4/6/2025 18:00,C160,6.72,0,0,-84.2,0,1,18
U003,4/6/2025 19:00,C160,24.56,6.54,0,-85.4,0,1,19
U003,4/6/2025 20:00,C160,2.14,0,0,-83.4,0,1,20
U003,4/6/2025 21:00,C160,7.5,6.15,0,-76.4,0,1,21
U003,4/6/2025 22:00,C160,3.22,0,1,-79.9,0,1,22
U003,4/6/2025 23:00,C160,11.23,6.05,0,-85,0,1,23
U003,4/7/2025 0:00,C160,22.73,6.85,0,-91.5,0,0,0
U003,4/7/2025 1:00,C160,0.34,0.05,0,-82.4,0,0,1
U003,4/7/2025 2:00,C160,6.94,0,1,-84.3,0,0,2
U003,4/7/2025 3:00,C160,13.52,7.21,0,-90.7,0,0,3
U003,4/7/2025 4:00,C160,100.15,0,1,-88,0,0,4
U003,4/7/2025 5:00,C160,43.79,2.86,2,-80.2,0,0,5
U003,4/7/2025 6:00,C164,28.76,0,0,-78.4,1,0,6
U003,4/7/2025 7:00,C164,30.63,4.92,0,-81.2,0,0,7
U003,4/7/2025 8:00,C164,76.36,1.07,0,-89.4,0,0,8
U003,4/7/2025 9:00,C164,2.11,0,3,-77.9,0,0,9
U003,4/7/2025 10:00,C182,4.01,11.58,0,-85.3,1,0,10
U003,4/7/2025 11:00,C182,15.99,2.38,3,-75.7,0,0,11
U003,4/7/2025 12:00,C182,28.29,0.71,0,-92.7,0,0,12
U003,4/7/2025 13:00,C182,6.23,3.14,0,-97.6,0,0,13
U003,4/7/2025 14:00,C195,71.18,0,0,-91,1,0,14
U003,4/7/2025 15:00,C195,57.93,11.71,0,-84.1,0,0,15
U003,4/7/2025 16:00,C195,43.08,28.59,1,-88.6,0,0,16
U003,4/7/2025 17:00,C195,8.17,5.21,0,-80.7,0,0,17
U003,4/7/2025 18:00,C195,15.83,4,1,-93.5,0,0,18
U003,4/7/2025 19:00,C195,47.49,4.46,0,-81.4,0,0,19
U003,4/7/2025 20:00,C195,42.4,7.76,0,-84.7,0,0,20
U003,4/7/2025 21:00,C195,8.44,2.03,0,-79.9,0,0,21
U003,4/7/2025 22:00,C195,45.8,0,0,-89.7,0,0,22
U003,4/7/2025 23:00,C195,8.8,0,0,-79.2,0,0,23
U004,4/1/2025 0:00,C187,4.14,2.25,0,-83.4,0,0,0
U004,4/1/2025 1:00,C187,2.51,0,0,-84.7,0,0,1
U004,4/1/2025 2:00,C187,0.37,23.02,0,-87.1,0,0,2
U004,4/1/2025 3:00,C171,47.98,10.21,0,-87.4,1,0,3
U004,4/1/2025 4:00,C171,118.15,5.4,1,-86.4,0,0,4
U004,4/1/2025 5:00,C171,1.42,0,1,-74.2,0,0,5
U004,4/1/2025 6:00,C171,64.2,2.53,1,-85.1,0,0,6
U004,4/1/2025 7:00,C171,6.57,2.81,0,-87.6,0,0,7
U004,4/1/2025 8:00,C171,58.97,4.15,0,-76.4,0,0,8
U004,4/1/2025 9:00,C100,1.68,0.28,1,-81.9,1,0,9
U004,4/1/2025 10:00,C100,43.71,0.31,0,-82,0,0,10
U004,4/1/2025 11:00,C100,52.81,0,3,-84.5,0,0,11
U004,4/1/2025 12:00,C148,64.28,8.29,2,-81.3,1,0,12
U004,4/1/2025 13:00,C148,60.4,5.28,0,-84.4,0,0,13
U004,4/1/2025 14:00,C148,24.78,0,0,-85,0,0,14
U004,4/1/2025 15:00,C148,38.86,5.43,0,-85.8,0,0,15
U004,4/1/2025 16:00,C148,71.52,9.31,0,-87.1,0,0,16
U004,4/1/2025 17:00,C148,9.63,0.43,0,-90.2,0,0,17
U004,4/1/2025 18:00,C148,35.06,1.53,0,-83.1,0,0,18
U004,4/1/2025 19:00,C148,26.58,12.25,0,-92.2,0,0,19
U004,4/1/2025 20:00,C148,23.42,0,1,-87.3,0,0,20
U004,4/1/2025 21:00,C148,3.37,7.07,0,-86.4,0,0,21
U004,4/1/2025 22:00,C148,63.28,0.24,0,-82.9,0,0,22
U004,4/1/2025 23:00,C148,24.25,2.95,0,-89.7,0,0,23
U004,4/2/2025 0:00,C148,21.43,0.58,0,-88.9,0,0,0
U004,4/2/2025 1:00,C148,128.11,22.24,1,-85,0,0,1
U004,4/2/2025 2:00,C148,0.55,2.39,0,-79.4,0,0,2
U004,4/2/2025 3:00,C148,3.19,1.21,1,-82.8,0,0,3
U004,4/2/2025 4:00,C148,0.64,2.5,0,-87.6,0,0,4
U004,4/2/2025 5:00,C148,11.75,2.53,1,-81.4,0,0,5
U004,4/2/2025 6:00,C148,33.14,8.96,0,-90.3,0,0,6
U004,4/2/2025 7:00,C148,4.7,4.92,0,-85,0,0,7
U004,4/2/2025 8:00,C148,16.96,18.26,2,-86.4,0,0,8
U004,4/2/2025 9:00,C148,42.7,0.1,0,-93.9,0,0,9
U004,4/2/2025 10:00,C148,30.53,0,0,-79.8,0,0,10
U004,4/2/2025 11:00,C148,43.97,0,0,-77.2,0,0,11
U004,4/2/2025 12:00,C148,21.58,1.44,0,-78,0,0,12
U004,4/2/2025 13:00,C148,9.06,0,0,-82.1,0,0,13
U004,4/2/2025 14:00,C148,31.33,1.18,0,-88.5,0,0,14
U004,4/2/2025 15:00,C148,8.9,0.3,0,-88.2,0,0,15
U004,4/2/2025 16:00,C148,12.71,9.37,1,-76.4,0,0,16
U004,4/2/2025 17:00,C148,9.92,1.97,0,-87.1,0,0,17
U004,4/2/2025 18:00,C148,12.91,0,0,-70.3,0,0,18
U004,4/2/2025 19:00,C148,35.74,11.2,1,-86.9,0,0,19
U004,4/2/2025 20:00,C148,42,4.42,0,-88.9,0,0,20
U004,4/2/2025 21:00,C148,17.79,0,0,-87.9,0,0,21
U004,4/2/2025 22:00,C148,14.12,1.98,0,-88.5,0,0,22
U004,4/2/2025 23:00,C140,33.02,1.58,0,-84.7,1,0,23
U004,4/3/2025 0:00,C140,45.32,0,1,-82.3,0,0,0
U004,4/3/2025 1:00,C140,7.66,11.9,2,-95.3,0,0,1
U004,4/3/2025 2:00,C140,17.55,6.66,1,-83.4,0,0,2
U004,4/3/2025 3:00,C140,10.55,6.15,0,-78.8,0,0,3
U004,4/3/2025 4:00,C140,17.6,0,0,-86.2,0,0,4
U004,4/3/2025 5:00,C121,26.96,0.01,2,-77.6,1,0,5
U004,4/3/2025 6:00,C155,1.87,0.51,0,-85.3,1,0,6
U004,4/3/2025 7:00,C155,212.52,13.54,0,-90.8,0,0,7
U004,4/3/2025 8:00,C155,1.47,0,0,-84.9,0,0,8
U004,4/3/2025 9:00,C155,92.6,0,0,-94.7,0,0,9
U004,4/3/2025 10:00,C155,175.77,0,0,-76.4,0,0,10
U004,4/3/2025 11:00,C155,36.72,8.22,1,-82.1,0,0,11
U004,4/3/2025 12:00,C155,76.94,0,0,-88.3,0,0,12
U004,4/3/2025 13:00,C155,45.62,0.88,0,-80.5,0,0,13
U004,4/3/2025 14:00,C155,66.1,2.94,2,-84.2,0,0,14
U004,4/3/2025 15:00,C155,62.75,13.64,0,-90.2,0,0,15
U004,4/3/2025 16:00,C155,31.28,3.82,0,-83.5,0,0,16
U004,4/3/2025 17:00,C155,192.01,0,0,-82.5,0,0,17
U004,4/3/2025 18:00,C155,36.97,0,0,-75.1,0,0,18
U004,4/3/2025 19:00,C155,92.81,3.21,0,-84.8,0,0,19
U004,4/3/2025 20:00,C155,52.76,1.67,0,-85.5,0,0,20
U004,4/3/2025 21:00,C155,36.22,0.79,1,-79.5,0,0,21
U004,4/3/2025 22:00,C155,64.78,8.54,1,-82.4,0,0,22
U004,4/3/2025 23:00,C155,4.27,0.76,0,-83.1,0,0,23
U004,4/4/2025 0:00,C155,27.71,1.25,0,-94.7,0,0,0
U004,4/4/2025 1:00,C155,9.39,3.46,0,-84.5,0,0,1
U004,4/4/2025 2:00,C155,1.59,5.01,1,-84.6,0,0,2
U004,4/4/2025 3:00,C155,11.62,3.16,1,-79.8,0,0,3
U004,4/4/2025 4:00,C155,73.23,0.3,0,-91,0,0,4
U004,4/4/2025 5:00,C155,17.94,3.15,0,-83.9,0,0,5
U004,4/4/2025 6:00,C155,36,0.12,0,-83.4,0,0,6
U004,4/4/2025 7:00,C155,10.69,0,0,-85.9,0,0,7
U004,4/4/2025 8:00,C155,0.18,14.22,0,-82.6,0,0,8
U004,4/4/2025 9:00,C155,74.84,0,0,-79.9,0,0,9
U004,4/4/2025 10:00,C155,8.29,0.07,2,-78.4,0,0,10
U004,4/4/2025 11:00,C155,11.08,0,0,-90.1,0,0,11
U004,4/4/2025 12:00,C155,38.96,5.05,0,-83.6,0,0,12
U004,4/4/2025 13:00,C155,25.45,0,1,-90.9,0,0,13
U004,4/4/2025 14:00,C155,59.65,0,0,-77.8,0,0,14
U004,4/4/2025 15:00,C155,4.31,0,0,-87.4,0,0,15
U004,4/4/2025 16:00,C155,4.78,4.16,0,-78.7,0,0,16
U004,4/4/2025 17:00,C155,46.86,0,1,-83.9,0,0,17
U004,4/4/2025 18:00,C155,2.01,8.86,0,-90.9,0,0,18
U004,4/4/2025 19:00,C155,4.96,0,0,-83.8,0,0,19
U004,4/4/2025 20:00,C155,1.33,0,1,-84.2,0,0,20
U004,4/4/2025 21:00,C155,40.38,0.33,4,-85.5,0,0,21
U004,4/4/2025 22:00,C187,9.13,1.63,0,-90.3,1,0,22
U004,4/4/2025 23:00,C155,19.06,0,0,-92.6,1,0,23
U004,4/5/2025 0:00,C155,38.05,9.36,0,-84.2,0,1,0
U004,4/5/2025 1:00,C155,25.38,1.02,0,-89.5,0,1,1
U004,4/5/2025 2:00,C155,44.19,0.02,0,-90.6,0,1,2
U004,4/5/2025 3:00,C164,7.32,5.62,0,-78,1,1,3
U004,4/5/2025 4:00,C163,5.72,0.24,1,-79.6,1,1,4
U004,4/5/2025 5:00,C163,14.9,0,2,-82,0,1,5
U004,4/5/2025 6:00,C163,4.62,0,0,-82.5,0,1,6
U004,4/5/2025 7:00,C163,11.22,21.7,2,-94.2,0,1,7
U004,4/5/2025 8:00,C159,7.32,0,0,-84,1,1,8
U004,4/5/2025 9:00,C159,95,0,0,-84.4,0,1,9
U004,4/5/2025 10:00,C159,6.01,13.17,0,-86.2,0,1,10
U004,4/5/2025 11:00,C159,49.7,2.79,0,-85.8,0,1,11
U004,4/5/2025 12:00,C167,0.51,1.35,0,-91.3,1,1,12
U004,4/5/2025 13:00,C167,39.26,2.88,0,-77.9,0,1,13
U004,4/5/2025 14:00,C167,23.9,4.62,0,-87.3,0,1,14
U004,4/5/2025 15:00,C167,29.03,0,0,-84.6,0,1,15
U004,4/5/2025 16:00,C167,50.59,0.79,0,-82,0,1,16
U004,4/5/2025 17:00,C167,7.73,5.33,0,-84.2,0,1,17
U004,4/5/2025 18:00,C167,9.54,20.49,0,-85.7,0,1,18
U004,4/5/2025 19:00,C167,21.74,0,0,-88.7,0,1,19
U004,4/5/2025 20:00,C167,8.51,3.4,0,-87.2,0,1,20
U004,4/5/2025 21:00,C167,4.06,0,0,-78.2,0,1,21
U004,4/5/2025 22:00,C167,8.51,0,1,-84.7,0,1,22
U004,4/5/2025 23:00,C167,49.56,0,0,-84.8,0,1,23
U004,4/6/2025 0:00,C167,46.61,1.97,0,-84.2,0,1,0
U004,4/6/2025 1:00,C167,5.5,7.14,1,-88.7,0,1,1
U004,4/6/2025 2:00,C167,25.88,2.96,1,-89.4,0,1,2
U004,4/6/2025 3:00,C167,12.27,5.7,0,-86.4,0,1,3
U004,4/6/2025 4:00,C167,17.5,0,0,-89.6,0,1,4
U004,4/6/2025 5:00,C167,8.99,3.8,0,-83.2,0,1,5
U004,4/6/2025 6:00,C167,17.27,0.92,0,-91.6,0,1,6
U004,4/6/2025 7:00,C167,31.43,8.03,0,-83.5,0,1,7
U004,4/6/2025 8:00,C167,92.21,6.5,0,-83.5,0,1,8
U004,4/6/2025 9:00,C167,11.58,6.81,0,-86.1,0,1,9
U004,4/6/2025 10:00,C167,11.78,3.82,0,-88.4,0,1,10
U004,4/6/2025 11:00,C167,73.95,6.4,0,-88.1,0,1,11
U004,4/6/2025 12:00,C167,44.8,13.69,0,-81.3,0,1,12
U004,4/6/2025 13:00,C167,1.68,0,0,-88,0,1,13
U004,4/6/2025 14:00,C167,15.95,0,4,-87.2,0,1,14
U004,4/6/2025 15:00,C131,7.93,0,0,-86.1,1,1,15
U004,4/6/2025 16:00,C131,39.67,0,0,-92.6,0,1,16
U004,4/6/2025 17:00,C131,13.12,0.11,1,-85.7,0,1,17
U004,4/6/2025 18:00,C131,8.72,8.81,2,-88.6,0,1,18
U004,4/6/2025 19:00,C131,23.71,3.05,0,-85.7,0,1,19
U004,4/6/2025 20:00,C131,1.81,6.59,0,-82.8,0,1,20
U004,4/6/2025 21:00,C131,4.77,1.43,0,-83.2,0,1,21
U004,4/6/2025 22:00,C131,79.45,0.08,0,-82.6,0,1,22
U004,4/6/2025 23:00,C131,43.38,1.56,1,-83.3,0,1,23
U004,4/7/2025 0:00,C131,14.1,1.96,0,-88.9,0,0,0
U004,4/7/2025 1:00,C131,2.13,5.01,0,-74.2,0,0,1
U004,4/7/2025 2:00,C131,0.5,0,0,-81.7,0,0,2
U004,4/7/2025 3:00,C131,63.43,0,0,-93.7,0,0,3
U004,4/7/2025 4:00,C131,38.34,9.98,0,-74.5,0,0,4
U004,4/7/2025 5:00,C131,15.59,0.37,0,-82.6,0,0,5
U004,4/7/2025 6:00,C131,2.3,3.47,0,-76.4,0,0,6
U004,4/7/2025 7:00,C131,4.77,11.84,0,-87.1,0,0,7
U004,4/7/2025 8:00,C131,134.34,2.35,0,-85.7,0,0,8
U004,4/7/2025 9:00,C131,48.15,0,0,-85.8,0,0,9
U004,4/7/2025 10:00,C131,133.41,3.55,0,-80.1,0,0,10
U004,4/7/2025 11:00,C131,23.76,0,0,-81.9,0,0,11
U004,4/7/2025 12:00,C131,22.75,1.79,0,-86.8,0,0,12
U004,4/7/2025 13:00,C150,0.75,1.18,0,-78.4,1,0,13
U004,4/7/2025 14:00,C150,4.48,0,0,-88.1,0,0,14
U004,4/7/2025 15:00,C150,8.7,0,0,-82.6,0,0,15
U004,4/7/2025 16:00,C150,22.35,0.29,0,-80.6,0,0,16
U004,4/7/2025 17:00,C150,10.14,0,0,-83.5,0,0,17
U004,4/7/2025 18:00,C150,30.73,3.77,0,-93.7,0,0,18
U004,4/7/2025 19:00,C150,26.06,0,1,-86.1,0,0,19
U004,4/7/2025 20:00,C150,50.95,0.13,2,-87.7,0,0,20
U004,4/7/2025 21:00,C150,19.6,6.81,0,-87.7,0,0,21
U004,4/7/2025 22:00,C150,35.23,1.9,0,-89.4,0,0,22
U004,4/7/2025 23:00,C150,0.43,1.74,0,-91.5,0,0,23
U005,4/1/2025 0:00,C107,9.96,1.12,1,-84.8,0,0,0
U005,4/1/2025 1:00,C107,5.31,0,0,-88,0,0,1
U005,4/1/2025 2:00,C107,62.98,1.42,0,-81.9,0,0,2
U005,4/1/2025 3:00,C186,24.07,0.38,0,-84.5,1,0,3
U005,4/1/2025 4:00,C186,6.27,0.27,0,-97.9,0,0,4
U005,4/1/2025 5:00,C186,34.08,2.21,1,-90.2,0,0,5
U005,4/1/2025 6:00,C186,18.79,0,0,-90.6,0,0,6
U005,4/1/2025 7:00,C131,49.28,3.13,0,-80,1,0,7
U005,4/1/2025 8:00,C131,13.08,0,0,-75.6,0,0,8
U005,4/1/2025 9:00,C131,27.42,0,1,-82.9,0,0,9
U005,4/1/2025 10:00,C131,0.25,5.45,0,-94.9,0,0,10
U005,4/1/2025 11:00,C131,8.39,7.12,0,-84.4,0,0,11
U005,4/1/2025 12:00,C131,38.03,4.57,0,-83.1,0,0,12
U005,4/1/2025 13:00,C131,99.35,0,0,-91.9,0,0,13
U005,4/1/2025 14:00,C131,67.43,1.57,0,-78.3,0,0,14
U005,4/1/2025 15:00,C131,43.31,0,1,-96.1,0,0,15
U005,4/1/2025 16:00,C131,7.36,0.91,0,-89.8,0,0,16
U005,4/1/2025 17:00,C188,69.62,0,0,-84.2,1,0,17
U005,4/1/2025 18:00,C188,2.94,0.33,0,-85.6,0,0,18
U005,4/1/2025 19:00,C188,14.85,5.78,0,-82.9,0,0,19
U005,4/1/2025 20:00,C188,33.97,0,0,-84.1,0,0,20
U005,4/1/2025 21:00,C102,1.06,3.75,0,-90.9,1,0,21
U005,4/1/2025 22:00,C102,20.25,9.4,0,-87.9,0,0,22
U005,4/1/2025 23:00,C102,15.48,13.25,0,-82.8,0,0,23
U005,4/2/2025 0:00,C102,9.69,0,2,-85.5,0,0,0
U005,4/2/2025 1:00,C102,103.51,0,0,-90.7,0,0,1
U005,4/2/2025 2:00,C102,1.35,3.07,0,-80.5,0,0,2
U005,4/2/2025 3:00,C102,8.88,2.28,1,-88,0,0,3
U005,4/2/2025 4:00,C102,64.96,0,0,-80.6,0,0,4
U005,4/2/2025 5:00,C102,40.85,17.34,0,-91.4,0,0,5
U005,4/2/2025 6:00,C102,48.32,0.49,0,-80.7,0,0,6
U005,4/2/2025 7:00,C102,4.39,0.07,0,-87.4,0,0,7
U005,4/2/2025 8:00,C102,31.65,7.28,0,-77,0,0,8
U005,4/2/2025 9:00,C114,7.2,0,0,-87.9,1,0,9
U005,4/2/2025 10:00,C114,6.94,4.64,0,-90.2,0,0,10
U005,4/2/2025 11:00,C114,19.31,1.8,0,-85.2,0,0,11
U005,4/2/2025 12:00,C114,47.48,6.13,2,-89,0,0,12
U005,4/2/2025 13:00,C114,11.19,7.82,0,-92,0,0,13
U005,4/2/2025 14:00,C114,22.3,1.88,0,-93.8,0,0,14
U005,4/2/2025 15:00,C114,2.14,2.69,0,-76.4,0,0,15
U005,4/2/2025 16:00,C114,1.86,3.33,1,-88.9,0,0,16
U005,4/2/2025 17:00,C114,63.82,3.04,0,-77.4,0,0,17
U005,4/2/2025 18:00,C114,7.77,2.65,0,-81.8,0,0,18
U005,4/2/2025 19:00,C187,17.15,0.39,3,-95.1,1,0,19
U005,4/2/2025 20:00,C187,92.01,2.31,0,-75.4,0,0,20
U005,4/2/2025 21:00,C187,52,12.61,2,-85.3,0,0,21
U005,4/2/2025 22:00,C187,56.14,1.8,0,-80.2,0,0,22
U005,4/2/2025 23:00,C187,7.27,4.09,0,-81.7,0,0,23
U005,4/3/2025 0:00,C181,12.2,11.06,0,-84.6,1,0,0
U005,4/3/2025 1:00,C181,2.44,5.8,0,-85,0,0,1
U005,4/3/2025 2:00,C181,28.6,9.59,0,-81.4,0,0,2
U005,4/3/2025 3:00,C181,20.02,5.85,0,-81.9,0,0,3
U005,4/3/2025 4:00,C181,27.34,1.03,2,-79.9,0,0,4
U005,4/3/2025 5:00,C181,18.16,0,2,-84.6,0,0,5
U005,4/3/2025 6:00,C181,20.87,0,0,-96.5,0,0,6
U005,4/3/2025 7:00,C181,9.91,0.53,0,-98.4,0,0,7
U005,4/3/2025 8:00,C181,58.48,0,0,-96,0,0,8
U005,4/3/2025 9:00,C181,66.89,0,0,-81.8,0,0,9
U005,4/3/2025 10:00,C181,17.41,5.29,0,-84.6,0,0,10
U005,4/3/2025 11:00,C181,15.28,0.07,0,-87.5,0,0,11
U005,4/3/2025 12:00,C181,115.19,6.2,0,-83.3,0,0,12
U005,4/3/2025 13:00,C181,18.94,2.44,0,-80.4,0,0,13
U005,4/3/2025 14:00,C181,7.47,0,0,-87.6,0,0,14
U005,4/3/2025 15:00,C181,20.66,1.98,0,-93.8,0,0,15
U005,4/3/2025 16:00,C181,28.64,0,2,-92.7,0,0,16
U005,4/3/2025 17:00,C181,7.37,0.85,1,-83.8,0,0,17
U005,4/3/2025 18:00,C181,33.42,0,0,-87.5,0,0,18
U005,4/3/2025 19:00,C181,51.29,0.84,0,-93.4,0,0,19
U005,4/3/2025 20:00,C101,59.65,18.94,0,-86.5,1,0,20
U005,4/3/2025 21:00,C172,75.58,1.45,0,-88.1,1,0,21
U005,4/3/2025 22:00,C172,57.41,5.88,0,-79.3,0,0,22
U005,4/3/2025 23:00,C172,72.23,0,0,-77.4,0,0,23
U005,4/4/2025 0:00,C172,19.53,0,1,-84.3,0,0,0
U005,4/4/2025 1:00,C172,17.82,5.84,0,-79.1,0,0,1
U005,4/4/2025 2:00,C172,72.76,0,0,-93.2,0,0,2
U005,4/4/2025 3:00,C172,22.02,7.74,2,-77.7,0,0,3
U005,4/4/2025 4:00,C172,50.44,0.37,0,-86.9,0,0,4
U005,4/4/2025 5:00,C172,39.5,1.93,0,-85.6,0,0,5
U005,4/4/2025 6:00,C172,36.39,0,1,-81.7,0,0,6
U005,4/4/2025 7:00,C172,20.76,2.33,0,-78,0,0,7
U005,4/4/2025 8:00,C172,23.29,0.66,1,-77.1,0,0,8
U005,4/4/2025 9:00,C172,54.73,1.95,0,-82,0,0,9
U005,4/4/2025 10:00,C172,23.31,4.31,0,-79.6,0,0,10
U005,4/4/2025 11:00,C172,34.23,1.93,0,-94.6,0,0,11
U005,4/4/2025 12:00,C172,16.53,3.24,0,-89.1,0,0,12
U005,4/4/2025 13:00,C172,14.43,6.72,0,-78.7,0,0,13
U005,4/4/2025 14:00,C172,18.99,3.38,0,-97.6,0,0,14
U005,4/4/2025 15:00,C124,25.17,1.37,2,-88.7,1,0,15
U005,4/4/2025 16:00,C124,23.68,0.25,0,-88.8,0,0,16
U005,4/4/2025 17:00,C124,12.12,10.61,0,-87.8,0,0,17
U005,4/4/2025 18:00,C135,35.98,0.78,0,-77.2,1,0,18
U005,4/4/2025 19:00,C135,29.64,7.56,0,-81.8,0,0,19
U005,4/4/2025 20:00,C135,58.84,0.84,0,-84.8,0,0,20
U005,4/4/2025 21:00,C135,37.12,0,0,-88.4,0,0,21
U005,4/4/2025 22:00,C135,19.23,11.34,0,-91.3,0,0,22
U005,4/4/2025 23:00,C135,32.34,13.54,0,-87.6,0,0,23
U005,4/5/2025 0:00,C191,7.06,6.16,1,-83.6,1,1,0
U005,4/5/2025 1:00,C191,98.63,15.45,1,-93.8,0,1,1
U005,4/5/2025 2:00,C191,39.8,1.18,0,-79.5,0,1,2
U005,4/5/2025 3:00,C191,11.62,0.55,0,-92.1,0,1,3
U005,4/5/2025 4:00,C191,1.82,0,0,-80.9,0,1,4
U005,4/5/2025 5:00,C191,26.74,7.89,0,-84,0,1,5
U005,4/5/2025 6:00,C191,25.43,9.15,0,-84.7,0,1,6
U005,4/5/2025 7:00,C191,4.04,2.8,0,-90.8,0,1,7
U005,4/5/2025 8:00,C191,8.67,0.83,0,-85.3,0,1,8
U005,4/5/2025 9:00,C158,59.35,0,0,-86.5,1,1,9
U005,4/5/2025 10:00,C141,3.06,8.95,0,-83.8,1,1,10
U005,4/5/2025 11:00,C141,108.18,0,0,-79.8,0,1,11
U005,4/5/2025 12:00,C141,39.36,0,0,-89.5,0,1,12
U005,4/5/2025 13:00,C141,34.47,9.76,0,-86.2,0,1,13
U005,4/5/2025 14:00,C141,5.42,10.36,1,-87.2,0,1,14
U005,4/5/2025 15:00,C141,48.73,0,0,-90.7,0,1,15
U005,4/5/2025 16:00,C141,22.26,4.44,0,-85.4,0,1,16
U005,4/5/2025 17:00,C141,0.33,4.94,0,-82.1,0,1,17
U005,4/5/2025 18:00,C135,24.65,5.8,0,-85.9,1,1,18
U005,4/5/2025 19:00,C135,12.11,1.56,1,-82.1,0,1,19
U005,4/5/2025 20:00,C135,7.73,4.05,0,-89.1,0,1,20
U005,4/5/2025 21:00,C135,0.74,4.62,0,-82.5,0,1,21
U005,4/5/2025 22:00,C135,13.64,0,1,-86,0,1,22
U005,4/5/2025 23:00,C135,36.89,0,0,-80.3,0,1,23
U005,4/6/2025 0:00,C135,76.4,9.31,0,-86.1,0,1,0
U005,4/6/2025 1:00,C114,27.59,5.33,0,-78.8,1,1,1
U005,4/6/2025 2:00,C114,35.67,0.22,0,-84,0,1,2
U005,4/6/2025 3:00,C114,17.52,3.22,0,-84.1,0,1,3
U005,4/6/2025 4:00,C113,7.18,0,2,-87.1,1,1,4
U005,4/6/2025 5:00,C113,21.35,0,0,-85,0,1,5
U005,4/6/2025 6:00,C113,4.73,0,0,-84.9,0,1,6
U005,4/6/2025 7:00,C113,14.16,1.44,1,-75.8,0,1,7
U005,4/6/2025 8:00,C113,4.51,3.78,0,-75.4,0,1,8
U005,4/6/2025 9:00,C113,23.56,0.16,2,-80,0,1,9
U005,4/6/2025 10:00,C113,9.64,1.13,0,-88.4,0,1,10
U005,4/6/2025 11:00,C113,22.89,3.29,0,-87,0,1,11
U005,4/6/2025 12:00,C113,10.54,0.63,0,-92.3,0,1,12
U005,4/6/2025 13:00,C113,96.12,5.73,0,-82.5,0,1,13
U005,4/6/2025 14:00,C113,79.65,6.88,0,-84.7,0,1,14
U005,4/6/2025 15:00,C113,38.12,1.38,0,-83.3,0,1,15
U005,4/6/2025 16:00,C183,2.88,0,0,-90.4,1,1,16
U005,4/6/2025 17:00,C183,185.76,0,0,-81.2,0,1,17
U005,4/6/2025 18:00,C183,2.99,0,1,-84.7,0,1,18
U005,4/6/2025 19:00,C183,7.94,5.54,1,-100.1,0,1,19
U005,4/6/2025 20:00,C183,10.08,0,0,-88.7,0,1,20
U005,4/6/2025 21:00,C183,6.63,0.43,0,-79.8,0,1,21
U005,4/6/2025 22:00,C183,32.43,10.14,0,-85.8,0,1,22
U005,4/6/2025 23:00,C183,235.83,0.27,1,-82.9,0,1,23
U005,4/7/2025 0:00,C183,137.59,1.41,1,-78.9,0,0,0
U005,4/7/2025 1:00,C196,93.73,0,2,-84.9,1,0,1
U005,4/7/2025 2:00,C196,1.57,10.11,0,-92,0,0,2
U005,4/7/2025 3:00,C196,9.47,0,2,-88.2,0,0,3
U005,4/7/2025 4:00,C196,21.86,0.76,0,-74.9,0,0,4
U005,4/7/2025 5:00,C196,1.58,0.48,0,-95.7,0,0,5
U005,4/7/2025 6:00,C196,24.38,6.13,0,-89.3,0,0,6
U005,4/7/2025 7:00,C196,0.53,0.05,0,-90,0,0,7
U005,4/7/2025 8:00,C196,2.83,0.83,0,-84.9,0,0,8
U005,4/7/2025 9:00,C196,7.46,0,0,-81.7,0,0,9
U005,4/7/2025 10:00,C188,1.02,0.17,0,-83.1,1,0,10
U005,4/7/2025 11:00,C188,17.9,1.51,0,-83,0,0,11
U005,4/7/2025 12:00,C188,24.39,2.07,2,-89.8,0,0,12
U005,4/7/2025 13:00,C188,8.84,6.97,0,-84.4,0,0,13
U005,4/7/2025 14:00,C188,5.44,4.98,0,-87.3,0,0,14
U005,4/7/2025 15:00,C188,157.57,2.55,0,-84.2,0,0,15
U005,4/7/2025 16:00,C147,18.82,12.73,0,-80.3,1,0,16
U005,4/7/2025 17:00,C147,21.42,0,0,-83.8,0,0,17
U005,4/7/2025 18:00,C147,14.8,0,0,-83.1,0,0,18
U005,4/7/2025 19:00,C147,7.36,13.6,0,-93.5,0,0,19
U005,4/7/2025 20:00,C147,19.39,0,0,-92.5,0,0,20
U005,4/7/2025 21:00,C147,1.74,4.05,1,-82.3,0,0,21
U005,4/7/2025 22:00,C147,3.98,0.18,0,-85.6,0,0,22
U005,4/7/2025 23:00,C147,26.95,0,0,-82.2,0,0,23
U006,4/1/2025 0:00,C119,4.31,5.16,0,-85.8,0,0,0
U006,4/1/2025 1:00,C119,11.71,6.73,0,-91.6,0,0,1
U006,4/1/2025 2:00,C119,10.25,0,0,-87.7,0,0,2
U006,4/1/2025 3:00,C119,0.42,12.19,4,-85.9,0,0,3
U006,4/1/2025 4:00,C119,7.22,0,0,-86.6,0,0,4
U006,4/1/2025 5:00,C119,2.95,0.44,0,-85.7,0,0,5
U006,4/1/2025 6:00,C119,3.64,0.04,0,-89.5,0,0,6
U006,4/1/2025 7:00,C119,32.49,0,1,-84.4,0,0,7
U006,4/1/2025 8:00,C121,55.14,0,0,-85.4,1,0,8
U006,4/1/2025 9:00,C121,18.76,4.12,0,-89.5,0,0,9
U006,4/1/2025 10:00,C121,111.81,0,3,-85,0,0,10
U006,4/1/2025 11:00,C121,13.88,4.51,1,-83.2,0,0,11
U006,4/1/2025 12:00,C121,31.84,4.31,0,-90.4,0,0,12
U006,4/1/2025 13:00,C121,5.62,4.82,0,-76.9,0,0,13
U006,4/1/2025 14:00,C121,8.39,0,0,-82.8,0,0,14
U006,4/1/2025 15:00,C121,19.53,4.44,0,-85.8,0,0,15
U006,4/1/2025 16:00,C121,11.74,0,0,-84.9,0,0,16
U006,4/1/2025 17:00,C121,31.48,0,0,-81.3,0,0,17
U006,4/1/2025 18:00,C121,52.63,2.02,0,-88.9,0,0,18
U006,4/1/2025 19:00,C121,10.23,0,0,-79.3,0,0,19
U006,4/1/2025 20:00,C121,49.6,0.31,0,-94.7,0,0,20
U006,4/1/2025 21:00,C121,26.47,1.97,0,-87.1,0,0,21
U006,4/1/2025 22:00,C121,7.69,6.79,0,-89.3,0,0,22
U006,4/1/2025 23:00,C121,88.35,0,0,-83.9,0,0,23
U006,4/2/2025 0:00,C121,6.3,2.25,0,-82.3,0,0,0
U006,4/2/2025 1:00,C121,75.88,1.41,0,-80.1,0,0,1
U006,4/2/2025 2:00,C121,23.42,0.75,0,-80.1,0,0,2
U006,4/2/2025 3:00,C121,21.39,0,0,-87.2,0,0,3
U006,4/2/2025 4:00,C121,23.61,0.32,0,-88.5,0,0,4
U006,4/2/2025 5:00,C121,35.5,3.85,0,-78.6,0,0,5
U006,4/2/2025 6:00,C167,5.98,0.92,0,-84.1,1,0,6
U006,4/2/2025 7:00,C167,20.52,13.88,0,-83.1,0,0,7
U006,4/2/2025 8:00,C167,44.42,1.97,0,-89.4,0,0,8
U006,4/2/2025 9:00,C167,32.52,0.79,0,-85.3,0,0,9
U006,4/2/2025 10:00,C167,69.66,0,0,-92.4,0,0,10
U006,4/2/2025 11:00,C167,19.62,4.21,5,-85.3,0,0,11
U006,4/2/2025 12:00,C167,53.71,20.14,0,-81.1,0,0,12
U006,4/2/2025 13:00,C178,20.47,9.31,0,-84.6,1,0,13
U006,4/2/2025 14:00,C116,0.76,0.14,0,-83,1,0,14
U006,4/2/2025 15:00,C116,0.61,11.57,0,-85.1,0,0,15
U006,4/2/2025 16:00,C116,10.55,0,0,-82.4,0,0,16
U006,4/2/2025 17:00,C116,0.37,0,0,-78.3,0,0,17
U006,4/2/2025 18:00,C116,2.88,24.19,0,-81.2,0,0,18
U006,4/2/2025 19:00,C116,20.89,7.24,0,-88.9,0,0,19
U006,4/2/2025 20:00,C116,36.54,3.65,0,-85.7,0,0,20
U006,4/2/2025 21:00,C116,21.28,13.61,0,-79.3,0,0,21
U006,4/2/2025 22:00,C116,23.39,1.15,0,-82.2,0,0,22
U006,4/2/2025 23:00,C187,13.29,0,0,-85.9,1,0,23
U006,4/3/2025 0:00,C187,141.25,5.6,0,-88.3,0,0,0
U006,4/3/2025 1:00,C187,14.54,0,0,-90.4,0,0,1
U006,4/3/2025 2:00,C187,40.82,0,2,-86.9,0,0,2
U006,4/3/2025 3:00,C187,31.21,0,1,-81.9,0,0,3
U006,4/3/2025 4:00,C187,2.62,13.56,0,-81.7,0,0,4
U006,4/3/2025 5:00,C187,38.68,5.39,0,-93.2,0,0,5
U006,4/3/2025 6:00,C197,41.97,0,0,-86.9,1,0,6
U006,4/3/2025 7:00,C197,34.67,2.13,0,-80.3,0,0,7
U006,4/3/2025 8:00,C197,56.88,6.68,0,-82.4,0,0,8
U006,4/3/2025 9:00,C197,59.27,3.06,0,-89.9,0,0,9
U006,4/3/2025 10:00,C101,23.85,6.32,3,-83.8,1,0,10
U006,4/3/2025 11:00,C101,2.39,7.35,0,-84.9,0,0,11
U006,4/3/2025 12:00,C101,30.66,0.99,0,-87.1,0,0,12
U006,4/3/2025 13:00,C101,7.17,1.15,0,-92.8,0,0,13
U006,4/3/2025 14:00,C101,29.4,0,0,-79.3,0,0,14
U006,4/3/2025 15:00,C101,39.65,7.25,0,-81.3,0,0,15
U006,4/3/2025 16:00,C101,39.4,3.4,0,-91.2,0,0,16
U006,4/3/2025 17:00,C101,71.39,0,0,-90.9,0,0,17
U006,4/3/2025 18:00,C182,73.57,0,3,-81.2,1,0,18
U006,4/3/2025 19:00,C182,4.28,0,1,-79.9,0,0,19
U006,4/3/2025 20:00,C182,3.7,10.59,0,-97,0,0,20
U006,4/3/2025 21:00,C182,19.04,0,0,-88.1,0,0,21
U006,4/3/2025 22:00,C182,4.14,0.4,0,-90.3,0,0,22
U006,4/3/2025 23:00,C182,10.37,0.94,0,-88.9,0,0,23
U006,4/4/2025 0:00,C182,6.49,0,0,-80,0,0,0
U006,4/4/2025 1:00,C182,44.1,0,1,-74.1,0,0,1
U006,4/4/2025 2:00,C182,18.7,0,0,-91.7,0,0,2
U006,4/4/2025 3:00,C182,12.32,0,0,-85.2,0,0,3
U006,4/4/2025 4:00,C182,2.77,2.53,0,-78,0,0,4
U006,4/4/2025 5:00,C182,26.75,0,1,-78.8,0,0,5
U006,4/4/2025 6:00,C182,25.75,2.95,1,-91.6,0,0,6
U006,4/4/2025 7:00,C182,3.41,8.29,0,-81,0,0,7
U006,4/4/2025 8:00,C198,20.45,1.8,0,-87.3,1,0,8
U006,4/4/2025 9:00,C198,7.21,0.36,0,-86.3,0,0,9
U006,4/4/2025 10:00,C198,1.61,28.63,0,-81.5,0,0,10
U006,4/4/2025 11:00,C198,30.98,2.7,0,-82.9,0,0,11
U006,4/4/2025 12:00,C198,5.45,1.96,0,-89.2,0,0,12
U006,4/4/2025 13:00,C198,19.15,7.61,0,-75.7,0,0,13
U006,4/4/2025 14:00,C198,51.44,15.58,0,-87.5,0,0,14
U006,4/4/2025 15:00,C198,105.91,0,0,-81.4,0,0,15
U006,4/4/2025 16:00,C117,87.33,0.24,1,-90.4,1,0,16
U006,4/4/2025 17:00,C117,9.09,0,0,-94.3,0,0,17
U006,4/4/2025 18:00,C117,141.67,5.05,0,-84.6,0,0,18
U006,4/4/2025 19:00,C117,11.82,15.49,0,-82.6,0,0,19
U006,4/4/2025 20:00,C117,4.28,0,0,-75.3,0,0,20
U006,4/4/2025 21:00,C117,26.35,17.3,0,-86.7,0,0,21
U006,4/4/2025 22:00,C117,19.21,9.68,0,-79.4,0,0,22
U006,4/4/2025 23:00,C117,14.04,0.21,0,-88.4,0,0,23
U006,4/5/2025 0:00,C124,8.86,0.93,0,-82.3,1,1,0
U006,4/5/2025 1:00,C124,15.08,1.32,1,-79.3,0,1,1
U006,4/5/2025 2:00,C124,60,0,0,-83,0,1,2
U006,4/5/2025 3:00,C124,4.99,12.11,1,-80.6,0,1,3
U006,4/5/2025 4:00,C124,58.96,0,0,-80.1,0,1,4
U006,4/5/2025 5:00,C124,2.42,0.98,0,-82.6,0,1,5
U006,4/5/2025 6:00,C124,5.36,0,0,-91.4,0,1,6
U006,4/5/2025 7:00,C124,45.38,2.08,3,-88.8,0,1,7
U006,4/5/2025 8:00,C124,6.46,5.58,0,-81.9,0,1,8
U006,4/5/2025 9:00,C124,45.47,5.53,0,-86,0,1,9
U006,4/5/2025 10:00,C124,0.26,0,0,-70,0,1,10
U006,4/5/2025 11:00,C194,67.98,3.52,1,-83.4,1,1,11
U006,4/5/2025 12:00,C194,27.09,0,0,-83.5,0,1,12
U006,4/5/2025 13:00,C175,58.18,0,0,-84.8,1,1,13
U006,4/5/2025 14:00,C137,59.19,1.74,0,-68.1,1,1,14
U006,4/5/2025 15:00,C137,7.95,0.75,0,-78.3,0,1,15
U006,4/5/2025 16:00,C137,50.93,19.49,0,-83.7,0,1,16
U006,4/5/2025 17:00,C137,24.44,0.05,3,-84,0,1,17
U006,4/5/2025 18:00,C137,3.38,11.36,0,-87.6,0,1,18
U006,4/5/2025 19:00,C137,45.56,0.21,0,-76.3,0,1,19
U006,4/5/2025 20:00,C137,12.14,0,0,-88,0,1,20
U006,4/5/2025 21:00,C137,10.03,9.52,0,-73.9,0,1,21
U006,4/5/2025 22:00,C123,60.39,0.84,0,-88.6,1,1,22
U006,4/5/2025 23:00,C123,155.92,0.58,3,-82.5,0,1,23
U006,4/6/2025 0:00,C123,0.16,17.58,1,-77,0,1,0
U006,4/6/2025 1:00,C123,181.5,0,0,-83.8,0,1,1
U006,4/6/2025 2:00,C123,60.54,25.24,0,-86.8,0,1,2
U006,4/6/2025 3:00,C123,16.43,0,0,-88.5,0,1,3
U006,4/6/2025 4:00,C123,19.83,11.64,0,-87.2,0,1,4
U006,4/6/2025 5:00,C123,93.31,0,0,-83,0,1,5
U006,4/6/2025 6:00,C123,59.25,1.34,0,-81.6,0,1,6
U006,4/6/2025 7:00,C123,5.59,0,0,-90,0,1,7
U006,4/6/2025 8:00,C123,1.44,0,0,-88.4,0,1,8
U006,4/6/2025 9:00,C123,29.31,0.18,0,-84.6,0,1,9
U006,4/6/2025 10:00,C123,66.88,0.68,0,-83.3,0,1,10
U006,4/6/2025 11:00,C123,19.09,0.7,0,-77.4,0,1,11
U006,4/6/2025 12:00,C128,74.91,2.26,0,-88.8,1,1,12
U006,4/6/2025 13:00,C128,28.18,0.62,0,-84.6,0,1,13
U006,4/6/2025 14:00,C128,0.3,0,0,-88.4,0,1,14
U006,4/6/2025 15:00,C128,2.27,0,0,-87.5,0,1,15
U006,4/6/2025 16:00,C128,49.82,3.46,1,-85.2,0,1,16
U006,4/6/2025 17:00,C128,8.82,9.83,0,-91.1,0,1,17
U006,4/6/2025 18:00,C128,34.52,3.96,0,-73.7,0,1,18
U006,4/6/2025 19:00,C128,3.99,0.16,0,-74.7,0,1,19
U006,4/6/2025 20:00,C128,11.05,1.69,3,-92.8,0,1,20
U006,4/6/2025 21:00,C128,86.45,5.15,0,-83.8,0,1,21
U006,4/6/2025 22:00,C128,5.87,5.09,0,-86.9,0,1,22
U006,4/6/2025 23:00,C128,38.05,2.64,0,-92.8,0,1,23
U006,4/7/2025 0:00,C128,26.81,0,0,-83.9,0,0,0
U006,4/7/2025 1:00,C128,14.18,3.13,0,-77.1,0,0,1
U006,4/7/2025 2:00,C128,60.27,0,0,-78.1,0,0,2
U006,4/7/2025 3:00,C128,2.9,1.3,1,-86.4,0,0,3
U006,4/7/2025 4:00,C128,50.24,4.01,0,-84.1,0,0,4
U006,4/7/2025 5:00,C128,4.75,0.76,0,-95.3,0,0,5
U006,4/7/2025 6:00,C128,30.14,1.88,0,-81.7,0,0,6
U006,4/7/2025 7:00,C128,4.07,9,0,-85.1,0,0,7
U006,4/7/2025 8:00,C128,15.7,5.22,2,-85.9,0,0,8
U006,4/7/2025 9:00,C128,21.37,0.04,0,-87,0,0,9
U006,4/7/2025 10:00,C128,19.11,1.93,0,-88.3,0,0,10
U006,4/7/2025 11:00,C128,7.52,3.71,0,-80.8,0,0,11
U006,4/7/2025 12:00,C128,73.88,0,0,-77.8,0,0,12
U006,4/7/2025 13:00,C128,25.03,0,0,-93.5,0,0,13
U006,4/7/2025 14:00,C128,28.42,0,0,-86.9,0,0,14
